{"cameraMode":{"drawMode":0,"name":"Shaded","section":"Shading Mode"},"sceneLighting":true,"audioPlay":false,"sceneViewState":{"showFog":true,"showMaterialUpdate":true,"showSkybox":true,"showFlares":true,"showImageEffects":true,"showParticleSystems":true},"in2DMode":false,"pivot":{"x":-2.4600000381469728,"y":17.68000030517578,"z":1.850000023841858},"rotation":{"x":-0.3781655430793762,"y":-0.2056337147951126,"z":0.08655279874801636,"w":-0.898451030254364},"size":17.475900650024415,"orthographic":false}